{
	"info": {
		"_postman_id": "e323265f-963a-4c32-8b67-d310e5250ac6",
		"name": "Cars Trading demo",
		"schema": "https://schema.getpostman.com/json/collection/v2.1.0/collection.json"
	},
	"item": [
		{
			"name": "signup",
			"request": {
				"method": "POST",
				"header": [],
				"body": {
					"mode": "raw",
					"raw": "{\n    \"username\": \"tao01\",\n    \"email\": \"tao01@gmail.com\",\n    \"password\": \"123456\",\n    \"role\": \"admin\"\n}",
					"options": {
						"raw": {
							"language": "json"
						}
					}
				},
				"url": {
					"raw": "http://localhost:8085/api/auth/v1/signup",
					"protocol": "http",
					"host": [
						"localhost"
					],
					"port": "8085",
					"path": [
						"api",
						"auth",
						"v1",
						"signup"
					]
				}
			},
			"response": []
		},
		{
			"name": "signin",
			"request": {
				"method": "POST",
				"header": [],
				"body": {
					"mode": "raw",
					"raw": "{\n    \"username\": \"tao01\",\n    \"password\": \"123456\"\n}",
					"options": {
						"raw": {
							"language": "json"
						}
					}
				},
				"url": {
					"raw": "http://localhost:8085/api/auth/v1/signin",
					"protocol": "http",
					"host": [
						"localhost"
					],
					"port": "8085",
					"path": [
						"api",
						"auth",
						"v1",
						"signin"
					]
				}
			},
			"response": []
		},
		{
			"name": "signout",
			"request": {
				"method": "POST",
				"header": [],
				"body": {
					"mode": "raw",
					"raw": "{\n    \"username\": \"test03\",\n    \"password\": \"123456\"\n}",
					"options": {
						"raw": {
							"language": "json"
						}
					}
				},
				"url": {
					"raw": "http://localhost:8085/api/auth/v1/signout",
					"protocol": "http",
					"host": [
						"localhost"
					],
					"port": "8085",
					"path": [
						"api",
						"auth",
						"v1",
						"signout"
					]
				}
			},
			"response": []
		},
		{
			"name": "add /cars",
			"request": {
				"method": "POST",
				"header": [
					{
						"key": "Cookie",
						"value": "eyJhbGciOiJIUzUxMiJ9.eyJzdWIiOiJ0YW8wMyIsIlJvbGVzIjpbIlJPTEVfQlVZRVIiXSwiZXhwIjoxNjQ3MzE2MTE0LCJpYXQiOjE2NDcyMjk3MTR9.oJ880o4rlp5Nv6jpa5zNnTaJrnLsp9ZA3Mgkr21_6_z9O7S1MMA29lwCpNvmGtGCVG6UD1QpRrFwMXvaou3Exw",
						"type": "text"
					}
				],
				"body": {
					"mode": "raw",
					"raw": "{\n    \"make\": \"audi\",\n    \"model\": \"v4\"\n}",
					"options": {
						"raw": {
							"language": "json"
						}
					}
				},
				"url": {
					"raw": "http://localhost:8085/api/cars/v1",
					"protocol": "http",
					"host": [
						"localhost"
					],
					"port": "8085",
					"path": [
						"api",
						"cars",
						"v1"
					]
				}
			},
			"response": []
		},
		{
			"name": "get /cars",
			"protocolProfileBehavior": {
				"disableBodyPruning": true
			},
			"request": {
				"method": "GET",
				"header": [
					{
						"key": "Cookie",
						"value": "eyJhbGciOiJIUzUxMiJ9.eyJzdWIiOiJ0YW8wMyIsIlJvbGVzIjpbIlJPTEVfQlVZRVIiXSwiZXhwIjoxNjQ3MzE2MTE0LCJpYXQiOjE2NDcyMjk3MTR9.oJ880o4rlp5Nv6jpa5zNnTaJrnLsp9ZA3Mgkr21_6_z9O7S1MMA29lwCpNvmGtGCVG6UD1QpRrFwMXvaou3Exw",
						"type": "text"
					}
				],
				"body": {
					"mode": "raw",
					"raw": "",
					"options": {
						"raw": {
							"language": "json"
						}
					}
				},
				"url": {
					"raw": "http://localhost:8085/api/cars/v1",
					"protocol": "http",
					"host": [
						"localhost"
					],
					"port": "8085",
					"path": [
						"api",
						"cars",
						"v1"
					]
				}
			},
			"response": []
		},
		{
			"name": "buy /car",
			"request": {
				"method": "PUT",
				"header": [
					{
						"key": "Cookie",
						"value": "eyJhbGciOiJIUzUxMiJ9.eyJzdWIiOiJ0YW8wMyIsIlJvbGVzIjpbIlJPTEVfQlVZRVIiXSwiZXhwIjoxNjQ3MzE2MTE0LCJpYXQiOjE2NDcyMjk3MTR9.oJ880o4rlp5Nv6jpa5zNnTaJrnLsp9ZA3Mgkr21_6_z9O7S1MMA29lwCpNvmGtGCVG6UD1QpRrFwMXvaou3Exw",
						"type": "text"
					}
				],
				"body": {
					"mode": "raw",
					"raw": "",
					"options": {
						"raw": {
							"language": "json"
						}
					}
				},
				"url": {
					"raw": "http://localhost:8085/api/cars/v1/5",
					"protocol": "http",
					"host": [
						"localhost"
					],
					"port": "8085",
					"path": [
						"api",
						"cars",
						"v1",
						"5"
					]
				}
			},
			"response": []
		},
		{
			"name": "delete /cars",
			"request": {
				"method": "DELETE",
				"header": [
					{
						"key": "Cookie",
						"value": "eyJhbGciOiJIUzUxMiJ9.eyJzdWIiOiJ0YW8wMyIsIlJvbGVzIjpbIlJPTEVfQlVZRVIiXSwiZXhwIjoxNjQ3MzE2MTE0LCJpYXQiOjE2NDcyMjk3MTR9.oJ880o4rlp5Nv6jpa5zNnTaJrnLsp9ZA3Mgkr21_6_z9O7S1MMA29lwCpNvmGtGCVG6UD1QpRrFwMXvaou3Exw",
						"type": "text"
					}
				],
				"body": {
					"mode": "raw",
					"raw": "",
					"options": {
						"raw": {
							"language": "json"
						}
					}
				},
				"url": {
					"raw": "http://localhost:8085/api/cars/v1/1",
					"protocol": "http",
					"host": [
						"localhost"
					],
					"port": "8085",
					"path": [
						"api",
						"cars",
						"v1",
						"1"
					]
				}
			},
			"response": []
		}
	]
}